{"cameraMode":{"drawMode":0,"name":"Shaded","section":"Shading Mode"},"sceneLighting":false,"audioPlay":false,"sceneViewState":{"m_AlwaysRefresh":false,"showFog":true,"showSkybox":false,"showFlares":true,"showImageEffects":true,"showParticleSystems":true,"showVisualEffectGraphs":true,"m_FxEnabled":true},"in2DMode":false,"pivot":{"x":0.6281890869140625,"y":-0.4191470146179199,"z":-1.4450809955596924},"rotation":{"x":0.11551647633314133,"y":-0.8196259140968323,"z":0.17734947800636292,"w":0.5319694876670837},"size":5.4332194328308109,"orthographic":false}