{"cameraMode":{"drawMode":0,"name":"Shaded","section":"Shading Mode"},"sceneLighting":true,"audioPlay":false,"sceneViewState":{"m_AlwaysRefresh":false,"showFog":true,"showSkybox":true,"showFlares":true,"showImageEffects":true,"showParticleSystems":true,"showVisualEffectGraphs":true,"m_FxEnabled":true},"in2DMode":false,"pivot":{"x":20.275997161865236,"y":3.056988477706909,"z":-92.34178161621094},"rotation":{"x":0.0602334700524807,"y":0.057214848697185519,"z":-0.0022602032404392959,"w":0.9965534806251526},"size":1.032751441001892,"orthographic":false}