{"cameraMode":{"drawMode":0,"name":"Shaded","section":"Shading Mode"},"sceneLighting":true,"audioPlay":false,"sceneViewState":{"m_AlwaysRefresh":false,"showFog":true,"showSkybox":true,"showFlares":true,"showImageEffects":true,"showParticleSystems":true,"showVisualEffectGraphs":true,"m_FxEnabled":true},"in2DMode":false,"pivot":{"x":7.386256217956543,"y":4.627750396728516,"z":21.918357849121095},"rotation":{"x":0.18817342817783357,"y":0.00884777307510376,"z":-0.0016950858989730478,"w":0.9820987582206726},"size":7.745455741882324,"orthographic":false}