{"cameraMode":{"drawMode":0,"name":"Shaded","section":"Shading Mode"},"sceneLighting":false,"audioPlay":false,"sceneViewState":{"m_AlwaysRefresh":false,"showFog":true,"showSkybox":false,"showFlares":true,"showImageEffects":true,"showParticleSystems":true,"showVisualEffectGraphs":true,"m_FxEnabled":true},"in2DMode":false,"pivot":{"x":2.1681485176086427,"y":1.8298745155334473,"z":2.662121295928955},"rotation":{"x":-0.24842312932014466,"y":0.37665560841560366,"z":-0.10543975234031677,"w":-0.8859584331512451},"size":11.180716514587403,"orthographic":false}